{"train/loss": 4.652, "train/grad_norm": 4.914571285247803, "train/learning_rate": 1.2500000000000002e-07, "train/epoch": 0.06380765819513658, "train/global_step": 2500, "_timestamp": 1714160317.9335084, "_runtime": 16303.18250131607, "_step": 10, "train_runtime": 16304.4722, "train_samples_per_second": 4.907, "train_steps_per_second": 0.153, "total_flos": 1.24436669792256e+18, "train_loss": 4.856827001953125, "_wandb": {"runtime": 16447}}