{"train/loss": 5.1428, "train/grad_norm": 5.084341526031494, "train/learning_rate": 0.0, "train/epoch": 0.012761572353329654, "train/global_step": 500, "_timestamp": 1714764789.068202, "_runtime": 4660.560321092606, "_step": 10, "train_runtime": 4866.2272, "train_samples_per_second": 3.288, "train_steps_per_second": 0.103, "total_flos": 2.48873339584512e+17, "train_loss": 5.512596008300782, "_wandb": {"runtime": 4766}}