{"train/loss": 5.1643, "train/grad_norm": 5.216586112976074, "train/learning_rate": 5.000000000000001e-07, "train/epoch": 0.012761572353329654, "train/global_step": 500, "_timestamp": 1714590940.168247, "_runtime": 4679.275876045227, "_step": 2, "train_runtime": 4680.2819, "train_samples_per_second": 3.419, "train_steps_per_second": 0.107, "total_flos": 2.48873339584512e+17, "train_loss": 5.516355712890625}