{"train/loss": 5.0387, "train/grad_norm": 3.9414429664611816, "train/learning_rate": 8.341666666666667e-05, "train/epoch": 0.012761531639027317, "train/global_step": 500, "_timestamp": 1714143866.9560556, "_runtime": 3258.0458705425262, "_step": 1, "_wandb": {"runtime": 3258}}