{"train/loss": 5.1546, "train/grad_norm": 4.97385311126709, "train/learning_rate": 7.5e-07, "train/epoch": 0.012761572353329654, "train/global_step": 500, "_timestamp": 1714597576.9806674, "_runtime": 4686.244351387024, "_step": 10, "train_runtime": 4687.2442, "train_samples_per_second": 3.414, "train_steps_per_second": 0.107, "total_flos": 2.48873339584512e+17, "train_loss": 5.521546051025391}